,cd,nr_publications,source
0,-1.0,4263,funk_pubmed
1,-0.96,1,funk_pubmed
2,-0.94,1,funk_pubmed
3,-0.91,1,funk_pubmed
4,-0.89,2,funk_pubmed
5,-0.88,4,funk_pubmed
6,-0.86,4,funk_pubmed
7,-0.83,21,funk_pubmed
8,-0.82,1,funk_pubmed
9,-0.81,1,funk_pubmed
10,-0.8,57,funk_pubmed
11,-0.79,1,funk_pubmed
12,-0.78,4,funk_pubmed
13,-0.77,1,funk_pubmed
14,-0.75,214,funk_pubmed
15,-0.74,1,funk_pubmed
16,-0.73,5,funk_pubmed
17,-0.71,22,funk_pubmed
18,-0.7,5,funk_pubmed
19,-0.68,1,funk_pubmed
20,-0.67,828,funk_pubmed
21,-0.65,3,funk_pubmed
22,-0.64,4,funk_pubmed
23,-0.63,45,funk_pubmed
24,-0.62,4,funk_pubmed
25,-0.61,1,funk_pubmed
26,-0.6,276,funk_pubmed
27,-0.59,2,funk_pubmed
28,-0.58,13,funk_pubmed
29,-0.57,100,funk_pubmed
30,-0.56,47,funk_pubmed
31,-0.55,25,funk_pubmed
32,-0.54,15,funk_pubmed
33,-0.53,10,funk_pubmed
34,-0.52,4,funk_pubmed
35,-0.5,4729,funk_pubmed
36,-0.49,2,funk_pubmed
37,-0.48,11,funk_pubmed
38,-0.47,33,funk_pubmed
39,-0.46,35,funk_pubmed
40,-0.45,71,funk_pubmed
41,-0.44,190,funk_pubmed
42,-0.43,372,funk_pubmed
43,-0.42,109,funk_pubmed
44,-0.41,55,funk_pubmed
45,-0.4,1164,funk_pubmed
46,-0.39,41,funk_pubmed
47,-0.38,504,funk_pubmed
48,-0.37,48,funk_pubmed
49,-0.36,255,funk_pubmed
50,-0.35,117,funk_pubmed
51,-0.34,30,funk_pubmed
52,-0.33,5178,funk_pubmed
53,-0.32,155,funk_pubmed
54,-0.31,330,funk_pubmed
55,-0.3,547,funk_pubmed
56,-0.29,1439,funk_pubmed
57,-0.28,234,funk_pubmed
58,-0.27,830,funk_pubmed
59,-0.26,357,funk_pubmed
60,-0.25,5488,funk_pubmed
61,-0.24,612,funk_pubmed
62,-0.23,908,funk_pubmed
63,-0.22,1652,funk_pubmed
64,-0.21,1242,funk_pubmed
65,-0.2,5532,funk_pubmed
66,-0.19,1532,funk_pubmed
67,-0.18,2562,funk_pubmed
68,-0.17,6243,funk_pubmed
69,-0.16,2036,funk_pubmed
70,-0.15,3506,funk_pubmed
71,-0.14,7466,funk_pubmed
72,-0.13,9157,funk_pubmed
73,-0.12,5066,funk_pubmed
74,-0.11,10440,funk_pubmed
75,-0.1,11506,funk_pubmed
76,-0.09,13273,funk_pubmed
77,-0.08,19180,funk_pubmed
78,-0.07,22832,funk_pubmed
79,-0.06,32004,funk_pubmed
80,-0.05,43470,funk_pubmed
81,-0.04,64211,funk_pubmed
82,-0.03,105136,funk_pubmed
83,-0.02,190091,funk_pubmed
84,-0.01,469434,funk_pubmed
85,-0.0,1041531,funk_pubmed
86,0.01,63626,funk_pubmed
87,0.02,27680,funk_pubmed
88,0.03,18088,funk_pubmed
89,0.04,12071,funk_pubmed
90,0.05,9417,funk_pubmed
91,0.06,8111,funk_pubmed
92,0.07,6292,funk_pubmed
93,0.08,6146,funk_pubmed
94,0.09,3877,funk_pubmed
95,0.1,3997,funk_pubmed
96,0.11,4253,funk_pubmed
97,0.12,1191,funk_pubmed
98,0.13,4366,funk_pubmed
99,0.14,4093,funk_pubmed
100,0.15,1152,funk_pubmed
101,0.16,485,funk_pubmed
102,0.17,4201,funk_pubmed
103,0.18,1164,funk_pubmed
104,0.19,545,funk_pubmed
105,0.2,4546,funk_pubmed
106,0.21,527,funk_pubmed
107,0.22,998,funk_pubmed
108,0.23,388,funk_pubmed
109,0.24,249,funk_pubmed
110,0.25,5062,funk_pubmed
111,0.26,154,funk_pubmed
112,0.27,502,funk_pubmed
113,0.28,117,funk_pubmed
114,0.29,1192,funk_pubmed
115,0.3,397,funk_pubmed
116,0.31,255,funk_pubmed
117,0.32,111,funk_pubmed
118,0.33,6015,funk_pubmed
119,0.34,25,funk_pubmed
120,0.35,109,funk_pubmed
121,0.36,247,funk_pubmed
122,0.37,47,funk_pubmed
123,0.38,494,funk_pubmed
124,0.39,47,funk_pubmed
125,0.4,1293,funk_pubmed
126,0.41,53,funk_pubmed
127,0.42,111,funk_pubmed
128,0.43,493,funk_pubmed
129,0.44,233,funk_pubmed
130,0.45,115,funk_pubmed
131,0.46,61,funk_pubmed
132,0.47,53,funk_pubmed
133,0.48,26,funk_pubmed
134,0.49,3,funk_pubmed
135,0.5,7283,funk_pubmed
136,0.51,8,funk_pubmed
137,0.52,13,funk_pubmed
138,0.53,34,funk_pubmed
139,0.54,48,funk_pubmed
140,0.55,65,funk_pubmed
141,0.56,149,funk_pubmed
142,0.57,193,funk_pubmed
143,0.58,42,funk_pubmed
144,0.59,19,funk_pubmed
145,0.6,556,funk_pubmed
146,0.61,16,funk_pubmed
147,0.62,35,funk_pubmed
148,0.63,127,funk_pubmed
149,0.64,43,funk_pubmed
150,0.65,16,funk_pubmed
151,0.66,2,funk_pubmed
152,0.67,1753,funk_pubmed
153,0.68,6,funk_pubmed
154,0.69,17,funk_pubmed
155,0.7,37,funk_pubmed
156,0.71,129,funk_pubmed
157,0.72,6,funk_pubmed
158,0.73,19,funk_pubmed
159,0.74,6,funk_pubmed
160,0.75,624,funk_pubmed
161,0.76,12,funk_pubmed
162,0.77,12,funk_pubmed
163,0.78,41,funk_pubmed
164,0.79,11,funk_pubmed
165,0.8,249,funk_pubmed
166,0.81,7,funk_pubmed
167,0.82,19,funk_pubmed
168,0.83,138,funk_pubmed
169,0.84,1,funk_pubmed
170,0.85,12,funk_pubmed
171,0.86,73,funk_pubmed
172,0.87,6,funk_pubmed
173,0.88,42,funk_pubmed
174,0.89,23,funk_pubmed
175,0.9,21,funk_pubmed
176,0.91,10,funk_pubmed
177,0.92,11,funk_pubmed
178,0.93,5,funk_pubmed
179,0.94,3,funk_pubmed
180,0.95,2,funk_pubmed
181,0.96,3,funk_pubmed
182,0.97,2,funk_pubmed
183,0.98,1,funk_pubmed
184,0.99,1,funk_pubmed
185,1.0,11207,funk_pubmed
0,-1.0,316,funk_wos
1,-0.89,1,funk_wos
2,-0.86,1,funk_wos
3,-0.83,5,funk_wos
4,-0.8,11,funk_wos
5,-0.78,2,funk_wos
6,-0.75,26,funk_wos
7,-0.71,4,funk_wos
8,-0.7,1,funk_wos
9,-0.68,1,funk_wos
10,-0.67,67,funk_wos
11,-0.65,2,funk_wos
12,-0.64,3,funk_wos
13,-0.63,8,funk_wos
14,-0.62,1,funk_wos
15,-0.6,25,funk_wos
16,-0.58,5,funk_wos
17,-0.57,12,funk_wos
18,-0.56,8,funk_wos
19,-0.55,5,funk_wos
20,-0.54,5,funk_wos
21,-0.53,3,funk_wos
22,-0.52,4,funk_wos
23,-0.5,337,funk_wos
24,-0.49,1,funk_wos
25,-0.48,2,funk_wos
26,-0.47,9,funk_wos
27,-0.46,10,funk_wos
28,-0.45,9,funk_wos
29,-0.44,30,funk_wos
30,-0.43,62,funk_wos
31,-0.42,9,funk_wos
32,-0.41,7,funk_wos
33,-0.4,97,funk_wos
34,-0.39,8,funk_wos
35,-0.38,64,funk_wos
36,-0.37,7,funk_wos
37,-0.36,44,funk_wos
38,-0.35,30,funk_wos
39,-0.34,8,funk_wos
40,-0.33,390,funk_wos
41,-0.32,25,funk_wos
42,-0.31,48,funk_wos
43,-0.3,56,funk_wos
44,-0.29,151,funk_wos
45,-0.28,39,funk_wos
46,-0.27,105,funk_wos
47,-0.26,65,funk_wos
48,-0.25,431,funk_wos
49,-0.24,85,funk_wos
50,-0.23,117,funk_wos
51,-0.22,208,funk_wos
52,-0.21,168,funk_wos
53,-0.2,505,funk_wos
54,-0.19,232,funk_wos
55,-0.18,318,funk_wos
56,-0.17,686,funk_wos
57,-0.16,316,funk_wos
58,-0.15,493,funk_wos
59,-0.14,867,funk_wos
60,-0.13,1096,funk_wos
61,-0.12,783,funk_wos
62,-0.11,1512,funk_wos
63,-0.1,1735,funk_wos
64,-0.09,2087,funk_wos
65,-0.08,3123,funk_wos
66,-0.07,4076,funk_wos
67,-0.06,5894,funk_wos
68,-0.05,8519,funk_wos
69,-0.04,13727,funk_wos
70,-0.03,24808,funk_wos
71,-0.02,49720,funk_wos
72,-0.01,143343,funk_wos
73,0.0,490408,funk_wos
74,0.01,27709,funk_wos
75,0.02,10580,funk_wos
76,0.03,6071,funk_wos
77,0.04,3900,funk_wos
78,0.05,2716,funk_wos
79,0.06,2227,funk_wos
80,0.07,1627,funk_wos
81,0.08,1464,funk_wos
82,0.09,989,funk_wos
83,0.1,954,funk_wos
84,0.11,903,funk_wos
85,0.12,413,funk_wos
86,0.13,885,funk_wos
87,0.14,687,funk_wos
88,0.15,322,funk_wos
89,0.16,205,funk_wos
90,0.17,672,funk_wos
91,0.18,307,funk_wos
92,0.19,185,funk_wos
93,0.2,625,funk_wos
94,0.21,169,funk_wos
95,0.22,222,funk_wos
96,0.23,137,funk_wos
97,0.24,88,funk_wos
98,0.25,644,funk_wos
99,0.26,67,funk_wos
100,0.27,136,funk_wos
101,0.28,44,funk_wos
102,0.29,198,funk_wos
103,0.3,100,funk_wos
104,0.31,72,funk_wos
105,0.32,44,funk_wos
106,0.33,762,funk_wos
107,0.34,16,funk_wos
108,0.35,40,funk_wos
109,0.36,92,funk_wos
110,0.37,20,funk_wos
111,0.38,120,funk_wos
112,0.39,22,funk_wos
113,0.4,219,funk_wos
114,0.41,30,funk_wos
115,0.42,38,funk_wos
116,0.43,103,funk_wos
117,0.44,68,funk_wos
118,0.45,34,funk_wos
119,0.46,20,funk_wos
120,0.47,25,funk_wos
121,0.48,11,funk_wos
122,0.49,1,funk_wos
123,0.5,842,funk_wos
124,0.51,8,funk_wos
125,0.52,11,funk_wos
126,0.53,18,funk_wos
127,0.54,7,funk_wos
128,0.55,16,funk_wos
129,0.56,43,funk_wos
130,0.57,51,funk_wos
131,0.58,10,funk_wos
132,0.59,5,funk_wos
133,0.6,96,funk_wos
134,0.61,4,funk_wos
135,0.62,13,funk_wos
136,0.63,40,funk_wos
137,0.64,23,funk_wos
138,0.65,9,funk_wos
139,0.66,6,funk_wos
140,0.67,252,funk_wos
141,0.68,7,funk_wos
142,0.69,10,funk_wos
143,0.7,8,funk_wos
144,0.71,23,funk_wos
145,0.72,6,funk_wos
146,0.73,12,funk_wos
147,0.74,7,funk_wos
148,0.75,80,funk_wos
149,0.76,2,funk_wos
150,0.77,1,funk_wos
151,0.78,18,funk_wos
152,0.79,5,funk_wos
153,0.8,50,funk_wos
154,0.81,3,funk_wos
155,0.82,9,funk_wos
156,0.83,35,funk_wos
157,0.84,2,funk_wos
158,0.85,1,funk_wos
159,0.86,20,funk_wos
160,0.87,3,funk_wos
161,0.88,13,funk_wos
162,0.89,6,funk_wos
163,0.9,8,funk_wos
164,0.91,7,funk_wos
165,0.92,2,funk_wos
166,0.93,3,funk_wos
167,0.94,7,funk_wos
168,0.95,6,funk_wos
169,0.97,1,funk_wos
170,0.98,1,funk_wos
171,1.0,10439,funk_wos
0,-1.0,37830,dim_all
1,-0.99,1,dim_all
2,-0.98,2,dim_all
3,-0.97,3,dim_all
4,-0.96,3,dim_all
5,-0.95,7,dim_all
6,-0.94,9,dim_all
7,-0.93,7,dim_all
8,-0.92,9,dim_all
9,-0.91,8,dim_all
10,-0.9,24,dim_all
11,-0.89,30,dim_all
12,-0.88,83,dim_all
13,-0.87,15,dim_all
14,-0.86,121,dim_all
15,-0.85,10,dim_all
16,-0.84,9,dim_all
17,-0.83,258,dim_all
18,-0.82,37,dim_all
19,-0.81,18,dim_all
20,-0.8,749,dim_all
21,-0.79,28,dim_all
22,-0.78,95,dim_all
23,-0.77,26,dim_all
24,-0.76,21,dim_all
25,-0.75,2143,dim_all
26,-0.74,26,dim_all
27,-0.73,81,dim_all
28,-0.72,21,dim_all
29,-0.71,434,dim_all
30,-0.7,136,dim_all
31,-0.69,64,dim_all
32,-0.68,34,dim_all
33,-0.67,7686,dim_all
34,-0.66,17,dim_all
35,-0.65,49,dim_all
36,-0.64,200,dim_all
37,-0.63,494,dim_all
38,-0.62,113,dim_all
39,-0.61,50,dim_all
40,-0.6,2735,dim_all
41,-0.59,100,dim_all
42,-0.58,219,dim_all
43,-0.57,1177,dim_all
44,-0.56,643,dim_all
45,-0.55,369,dim_all
46,-0.54,237,dim_all
47,-0.53,263,dim_all
48,-0.52,137,dim_all
49,-0.51,65,dim_all
50,-0.5,39517,dim_all
51,-0.49,54,dim_all
52,-0.48,197,dim_all
53,-0.47,539,dim_all
54,-0.46,493,dim_all
55,-0.45,912,dim_all
56,-0.44,1938,dim_all
57,-0.43,3615,dim_all
58,-0.42,1126,dim_all
59,-0.41,651,dim_all
60,-0.4,9952,dim_all
61,-0.39,699,dim_all
62,-0.38,5075,dim_all
63,-0.37,665,dim_all
64,-0.36,3039,dim_all
65,-0.35,1535,dim_all
66,-0.34,475,dim_all
67,-0.33,42810,dim_all
68,-0.32,1915,dim_all
69,-0.31,3723,dim_all
70,-0.3,5480,dim_all
71,-0.29,12792,dim_all
72,-0.28,2701,dim_all
73,-0.27,8031,dim_all
74,-0.26,4308,dim_all
75,-0.25,43403,dim_all
76,-0.24,7102,dim_all
77,-0.23,9177,dim_all
78,-0.22,15842,dim_all
79,-0.21,13372,dim_all
80,-0.2,46458,dim_all
81,-0.19,16499,dim_all
82,-0.18,24829,dim_all
83,-0.17,54886,dim_all
84,-0.16,22292,dim_all
85,-0.15,35818,dim_all
86,-0.14,68067,dim_all
87,-0.13,84685,dim_all
88,-0.12,53978,dim_all
89,-0.11,101240,dim_all
90,-0.1,117885,dim_all
91,-0.09,140907,dim_all
92,-0.08,201846,dim_all
93,-0.07,250938,dim_all
94,-0.06,356756,dim_all
95,-0.05,503319,dim_all
96,-0.04,770297,dim_all
97,-0.03,1278453,dim_all
98,-0.02,2570435,dim_all
99,-0.01,7283106,dim_all
100,0.0,44827318,dim_all
101,0.01,2260063,dim_all
102,0.02,910961,dim_all
103,0.03,516763,dim_all
104,0.04,355060,dim_all
105,0.05,265221,dim_all
106,0.06,216056,dim_all
107,0.07,169948,dim_all
108,0.08,151191,dim_all
109,0.09,109181,dim_all
110,0.1,104194,dim_all
111,0.11,101117,dim_all
112,0.12,44730,dim_all
113,0.13,102524,dim_all
114,0.14,90170,dim_all
115,0.15,40456,dim_all
116,0.16,23357,dim_all
117,0.17,87233,dim_all
118,0.18,36084,dim_all
119,0.19,22562,dim_all
120,0.2,88498,dim_all
121,0.21,21248,dim_all
122,0.22,29319,dim_all
123,0.23,16756,dim_all
124,0.24,12920,dim_all
125,0.25,97254,dim_all
126,0.26,8877,dim_all
127,0.27,17987,dim_all
128,0.28,6556,dim_all
129,0.29,32207,dim_all
130,0.3,14467,dim_all
131,0.31,10306,dim_all
132,0.32,5818,dim_all
133,0.33,114475,dim_all
134,0.34,2216,dim_all
135,0.35,5586,dim_all
136,0.36,10450,dim_all
137,0.37,2943,dim_all
138,0.38,17659,dim_all
139,0.39,3267,dim_all
140,0.4,33617,dim_all
141,0.41,3464,dim_all
142,0.42,5624,dim_all
143,0.43,14704,dim_all
144,0.44,8990,dim_all
145,0.45,5137,dim_all
146,0.46,3341,dim_all
147,0.47,3684,dim_all
148,0.48,2208,dim_all
149,0.49,726,dim_all
150,0.5,139808,dim_all
151,0.51,689,dim_all
152,0.52,1827,dim_all
153,0.53,2828,dim_all
154,0.54,2299,dim_all
155,0.55,3456,dim_all
156,0.56,5564,dim_all
157,0.57,8479,dim_all
158,0.58,2505,dim_all
159,0.59,1339,dim_all
160,0.6,16669,dim_all
161,0.61,1137,dim_all
162,0.62,1734,dim_all
163,0.63,5268,dim_all
164,0.64,2945,dim_all
165,0.65,1263,dim_all
166,0.66,481,dim_all
167,0.67,44076,dim_all
168,0.68,1020,dim_all
169,0.69,1688,dim_all
170,0.7,2367,dim_all
171,0.71,5635,dim_all
172,0.72,655,dim_all
173,0.73,2093,dim_all
174,0.74,748,dim_all
175,0.75,18737,dim_all
176,0.76,833,dim_all
177,0.77,1128,dim_all
178,0.78,2309,dim_all
179,0.79,1050,dim_all
180,0.8,9423,dim_all
181,0.81,801,dim_all
182,0.82,1470,dim_all
183,0.83,5749,dim_all
184,0.84,488,dim_all
185,0.85,982,dim_all
186,0.86,3607,dim_all
187,0.87,629,dim_all
188,0.88,2602,dim_all
189,0.89,1816,dim_all
190,0.9,1361,dim_all
191,0.91,1098,dim_all
192,0.92,1264,dim_all
193,0.93,909,dim_all
194,0.94,774,dim_all
195,0.95,594,dim_all
196,0.96,420,dim_all
197,0.97,369,dim_all
198,0.98,226,dim_all
199,0.99,98,dim_all
200,1.0,13460317,dim_all
0,-1.0,3424,dim_journals
1,-0.96,1,dim_journals
2,-0.95,2,dim_journals
3,-0.94,1,dim_journals
4,-0.93,4,dim_journals
5,-0.92,8,dim_journals
6,-0.91,7,dim_journals
7,-0.9,11,dim_journals
8,-0.89,8,dim_journals
9,-0.88,18,dim_journals
10,-0.87,1,dim_journals
11,-0.86,37,dim_journals
12,-0.85,4,dim_journals
13,-0.84,5,dim_journals
14,-0.83,61,dim_journals
15,-0.82,19,dim_journals
16,-0.81,4,dim_journals
17,-0.8,142,dim_journals
18,-0.79,8,dim_journals
19,-0.78,29,dim_journals
20,-0.77,10,dim_journals
21,-0.76,8,dim_journals
22,-0.75,344,dim_journals
23,-0.74,7,dim_journals
24,-0.73,31,dim_journals
25,-0.72,6,dim_journals
26,-0.71,114,dim_journals
27,-0.7,52,dim_journals
28,-0.69,33,dim_journals
29,-0.68,17,dim_journals
30,-0.67,1166,dim_journals
31,-0.66,8,dim_journals
32,-0.65,41,dim_journals
33,-0.64,71,dim_journals
34,-0.63,184,dim_journals
35,-0.62,46,dim_journals
36,-0.61,21,dim_journals
37,-0.6,601,dim_journals
38,-0.59,37,dim_journals
39,-0.58,83,dim_journals
40,-0.57,300,dim_journals
41,-0.56,219,dim_journals
42,-0.55,151,dim_journals
43,-0.54,105,dim_journals
44,-0.53,125,dim_journals
45,-0.52,80,dim_journals
46,-0.51,27,dim_journals
47,-0.5,5948,dim_journals
48,-0.49,43,dim_journals
49,-0.48,125,dim_journals
50,-0.47,246,dim_journals
51,-0.46,243,dim_journals
52,-0.45,372,dim_journals
53,-0.44,647,dim_journals
54,-0.43,1023,dim_journals
55,-0.42,522,dim_journals
56,-0.41,346,dim_journals
57,-0.4,2293,dim_journals
58,-0.39,396,dim_journals
59,-0.38,1726,dim_journals
60,-0.37,435,dim_journals
61,-0.36,1228,dim_journals
62,-0.35,829,dim_journals
63,-0.34,408,dim_journals
64,-0.33,8559,dim_journals
65,-0.32,1176,dim_journals
66,-0.31,1831,dim_journals
67,-0.3,2341,dim_journals
68,-0.29,4463,dim_journals
69,-0.28,1694,dim_journals
70,-0.27,3523,dim_journals
71,-0.26,2641,dim_journals
72,-0.25,10931,dim_journals
73,-0.24,4177,dim_journals
74,-0.23,5108,dim_journals
75,-0.22,7090,dim_journals
76,-0.21,7470,dim_journals
77,-0.2,15323,dim_journals
78,-0.19,10084,dim_journals
79,-0.18,13068,dim_journals
80,-0.17,21953,dim_journals
81,-0.16,15518,dim_journals
82,-0.15,22468,dim_journals
83,-0.14,33070,dim_journals
84,-0.13,44217,dim_journals
85,-0.12,38090,dim_journals
86,-0.11,60193,dim_journals
87,-0.1,73950,dim_journals
88,-0.09,94004,dim_journals
89,-0.08,133782,dim_journals
90,-0.07,175910,dim_journals
91,-0.06,254624,dim_journals
92,-0.05,372318,dim_journals
93,-0.04,582433,dim_journals
94,-0.03,984398,dim_journals
95,-0.02,1984398,dim_journals
96,-0.01,5578741,dim_journals
97,0.0,23514274,dim_journals
98,0.01,1741129,dim_journals
99,0.02,670637,dim_journals
100,0.03,369212,dim_journals
101,0.04,245150,dim_journals
102,0.05,177101,dim_journals
103,0.06,137717,dim_journals
104,0.07,107977,dim_journals
105,0.08,88163,dim_journals
106,0.09,68165,dim_journals
107,0.1,61104,dim_journals
108,0.11,55826,dim_journals
109,0.12,34133,dim_journals
110,0.13,51772,dim_journals
111,0.14,41868,dim_journals
112,0.15,27090,dim_journals
113,0.16,18779,dim_journals
114,0.17,35081,dim_journals
115,0.18,21651,dim_journals
116,0.19,16621,dim_journals
117,0.2,30144,dim_journals
118,0.21,15075,dim_journals
119,0.22,15672,dim_journals
120,0.23,11360,dim_journals
121,0.24,9846,dim_journals
122,0.25,28610,dim_journals
123,0.26,7256,dim_journals
124,0.27,10870,dim_journals
125,0.28,5230,dim_journals
126,0.29,14689,dim_journals
127,0.3,8423,dim_journals
128,0.31,6863,dim_journals
129,0.32,4752,dim_journals
130,0.33,28697,dim_journals
131,0.34,1982,dim_journals
132,0.35,4216,dim_journals
133,0.36,6346,dim_journals
134,0.37,2337,dim_journals
135,0.38,8779,dim_journals
136,0.39,2590,dim_journals
137,0.4,11282,dim_journals
138,0.41,2543,dim_journals
139,0.42,3468,dim_journals
140,0.43,6629,dim_journals
141,0.44,4795,dim_journals
142,0.45,3151,dim_journals
143,0.46,2183,dim_journals
144,0.47,2477,dim_journals
145,0.48,1622,dim_journals
146,0.49,576,dim_journals
147,0.5,28606,dim_journals
148,0.51,499,dim_journals
149,0.52,1220,dim_journals
150,0.53,1818,dim_journals
151,0.54,1561,dim_journals
152,0.55,1993,dim_journals
153,0.56,2909,dim_journals
154,0.57,3852,dim_journals
155,0.58,1624,dim_journals
156,0.59,977,dim_journals
157,0.6,5704,dim_journals
158,0.61,729,dim_journals
159,0.62,1108,dim_journals
160,0.63,2481,dim_journals
161,0.64,1640,dim_journals
162,0.65,787,dim_journals
163,0.66,279,dim_journals
164,0.67,10767,dim_journals
165,0.68,603,dim_journals
166,0.69,977,dim_journals
167,0.7,1187,dim_journals
168,0.71,2363,dim_journals
169,0.72,413,dim_journals
170,0.73,1081,dim_journals
171,0.74,417,dim_journals
172,0.75,5300,dim_journals
173,0.76,471,dim_journals
174,0.77,520,dim_journals
175,0.78,1002,dim_journals
176,0.79,562,dim_journals
177,0.8,3108,dim_journals
178,0.81,393,dim_journals
179,0.82,646,dim_journals
180,0.83,1945,dim_journals
181,0.84,211,dim_journals
182,0.85,435,dim_journals
183,0.86,1234,dim_journals
184,0.87,274,dim_journals
185,0.88,996,dim_journals
186,0.89,655,dim_journals
187,0.9,518,dim_journals
188,0.91,407,dim_journals
189,0.92,427,dim_journals
190,0.93,315,dim_journals
191,0.94,241,dim_journals
192,0.95,193,dim_journals
193,0.96,118,dim_journals
194,0.97,88,dim_journals
195,0.98,35,dim_journals
196,0.99,10,dim_journals
197,1.0,176477,dim_journals
0,-1.0,7011,dim_pubmed
1,-0.97,1,dim_pubmed
2,-0.96,2,dim_pubmed
3,-0.95,3,dim_pubmed
4,-0.94,2,dim_pubmed
5,-0.93,1,dim_pubmed
6,-0.92,3,dim_pubmed
7,-0.91,7,dim_pubmed
8,-0.9,4,dim_pubmed
9,-0.89,13,dim_pubmed
10,-0.88,26,dim_pubmed
11,-0.87,4,dim_pubmed
12,-0.86,35,dim_pubmed
13,-0.85,5,dim_pubmed
14,-0.84,5,dim_pubmed
15,-0.83,61,dim_pubmed
16,-0.82,12,dim_pubmed
17,-0.81,9,dim_pubmed
18,-0.8,213,dim_pubmed
19,-0.79,9,dim_pubmed
20,-0.78,32,dim_pubmed
21,-0.77,13,dim_pubmed
22,-0.76,6,dim_pubmed
23,-0.75,592,dim_pubmed
24,-0.74,10,dim_pubmed
25,-0.73,40,dim_pubmed
26,-0.72,6,dim_pubmed
27,-0.71,131,dim_pubmed
28,-0.7,40,dim_pubmed
29,-0.69,25,dim_pubmed
30,-0.68,11,dim_pubmed
31,-0.67,1859,dim_pubmed
32,-0.66,8,dim_pubmed
33,-0.65,22,dim_pubmed
34,-0.64,81,dim_pubmed
35,-0.63,193,dim_pubmed
36,-0.62,53,dim_pubmed
37,-0.61,23,dim_pubmed
38,-0.6,744,dim_pubmed
39,-0.59,41,dim_pubmed
40,-0.58,92,dim_pubmed
41,-0.57,370,dim_pubmed
42,-0.56,253,dim_pubmed
43,-0.55,165,dim_pubmed
44,-0.54,108,dim_pubmed
45,-0.53,125,dim_pubmed
46,-0.52,73,dim_pubmed
47,-0.51,33,dim_pubmed
48,-0.5,8716,dim_pubmed
49,-0.49,41,dim_pubmed
50,-0.48,99,dim_pubmed
51,-0.47,231,dim_pubmed
52,-0.46,231,dim_pubmed
53,-0.45,383,dim_pubmed
54,-0.44,724,dim_pubmed
55,-0.43,1114,dim_pubmed
56,-0.42,459,dim_pubmed
57,-0.41,294,dim_pubmed
58,-0.4,2860,dim_pubmed
59,-0.39,335,dim_pubmed
60,-0.38,1817,dim_pubmed
61,-0.37,312,dim_pubmed
62,-0.36,1229,dim_pubmed
63,-0.35,776,dim_pubmed
64,-0.34,301,dim_pubmed
65,-0.33,10883,dim_pubmed
66,-0.32,972,dim_pubmed
67,-0.31,1584,dim_pubmed
68,-0.3,2197,dim_pubmed
69,-0.29,4531,dim_pubmed
70,-0.28,1306,dim_pubmed
71,-0.27,3205,dim_pubmed
72,-0.26,2143,dim_pubmed
73,-0.25,12070,dim_pubmed
74,-0.24,3261,dim_pubmed
75,-0.23,4010,dim_pubmed
76,-0.22,6045,dim_pubmed
77,-0.21,5851,dim_pubmed
78,-0.2,14604,dim_pubmed
79,-0.19,7514,dim_pubmed
80,-0.18,10292,dim_pubmed
81,-0.17,18825,dim_pubmed
82,-0.16,10578,dim_pubmed
83,-0.15,15969,dim_pubmed
84,-0.14,26075,dim_pubmed
85,-0.13,33175,dim_pubmed
86,-0.12,25086,dim_pubmed
87,-0.11,42544,dim_pubmed
88,-0.1,50832,dim_pubmed
89,-0.09,62917,dim_pubmed
90,-0.08,88181,dim_pubmed
91,-0.07,113314,dim_pubmed
92,-0.06,162284,dim_pubmed
93,-0.05,233440,dim_pubmed
94,-0.04,362211,dim_pubmed
95,-0.03,608906,dim_pubmed
96,-0.02,1228608,dim_pubmed
97,-0.01,3462168,dim_pubmed
98,0.0,14559121,dim_pubmed
99,0.01,916370,dim_pubmed
100,0.02,365964,dim_pubmed
101,0.03,207965,dim_pubmed
102,0.04,143279,dim_pubmed
103,0.05,106693,dim_pubmed
104,0.06,85063,dim_pubmed
105,0.07,67912,dim_pubmed
106,0.08,58250,dim_pubmed
107,0.09,44582,dim_pubmed
108,0.1,40883,dim_pubmed
109,0.11,38871,dim_pubmed
110,0.12,21689,dim_pubmed
111,0.13,37523,dim_pubmed
112,0.14,31379,dim_pubmed
113,0.15,18677,dim_pubmed
114,0.16,12872,dim_pubmed
115,0.17,28306,dim_pubmed
116,0.18,16154,dim_pubmed
117,0.19,11827,dim_pubmed
118,0.2,26676,dim_pubmed
119,0.21,11033,dim_pubmed
120,0.22,12234,dim_pubmed
121,0.23,8622,dim_pubmed
122,0.24,7501,dim_pubmed
123,0.25,26626,dim_pubmed
124,0.26,5491,dim_pubmed
125,0.27,8555,dim_pubmed
126,0.28,4253,dim_pubmed
127,0.29,12181,dim_pubmed
128,0.3,6875,dim_pubmed
129,0.31,5527,dim_pubmed
130,0.32,3899,dim_pubmed
131,0.33,29220,dim_pubmed
132,0.34,1768,dim_pubmed
133,0.35,3584,dim_pubmed
134,0.36,5331,dim_pubmed
135,0.37,2119,dim_pubmed
136,0.38,7802,dim_pubmed
137,0.39,2274,dim_pubmed
138,0.4,10777,dim_pubmed
139,0.41,2453,dim_pubmed
140,0.42,3220,dim_pubmed
141,0.43,5852,dim_pubmed
142,0.44,4295,dim_pubmed
143,0.45,2836,dim_pubmed
144,0.46,2091,dim_pubmed
145,0.47,2391,dim_pubmed
146,0.48,1677,dim_pubmed
147,0.49,680,dim_pubmed
148,0.5,31715,dim_pubmed
149,0.51,625,dim_pubmed
150,0.52,1400,dim_pubmed
151,0.53,1813,dim_pubmed
152,0.54,1494,dim_pubmed
153,0.55,1920,dim_pubmed
154,0.56,2789,dim_pubmed
155,0.57,3447,dim_pubmed
156,0.58,1597,dim_pubmed
157,0.59,1023,dim_pubmed
158,0.6,5610,dim_pubmed
159,0.61,865,dim_pubmed
160,0.62,1176,dim_pubmed
161,0.63,2595,dim_pubmed
162,0.64,1724,dim_pubmed
163,0.65,903,dim_pubmed
164,0.66,376,dim_pubmed
165,0.67,11718,dim_pubmed
166,0.68,748,dim_pubmed
167,0.69,1061,dim_pubmed
168,0.7,1321,dim_pubmed
169,0.71,2505,dim_pubmed
170,0.72,462,dim_pubmed
171,0.73,1235,dim_pubmed
172,0.74,580,dim_pubmed
173,0.75,5645,dim_pubmed
174,0.76,577,dim_pubmed
175,0.77,701,dim_pubmed
176,0.78,1137,dim_pubmed
177,0.79,607,dim_pubmed
178,0.8,3174,dim_pubmed
179,0.81,530,dim_pubmed
180,0.82,763,dim_pubmed
181,0.83,2121,dim_pubmed
182,0.84,334,dim_pubmed
183,0.85,578,dim_pubmed
184,0.86,1433,dim_pubmed
185,0.87,336,dim_pubmed
186,0.88,1109,dim_pubmed
187,0.89,820,dim_pubmed
188,0.9,643,dim_pubmed
189,0.91,522,dim_pubmed
190,0.92,572,dim_pubmed
191,0.93,430,dim_pubmed
192,0.94,366,dim_pubmed
193,0.95,296,dim_pubmed
194,0.96,229,dim_pubmed
195,0.97,156,dim_pubmed
196,0.98,95,dim_pubmed
197,0.99,32,dim_pubmed
198,1.0,4352156,dim_pubmed
